date,title,categorie,prix,availability,rating
2024-10-20,Scott Pilgrim's Precious Little Life (Scott Pilgrim #1),Sequential Art,£52.29,In,Five
2024-10-20,Tsubasa: WoRLD CHRoNiCLE 2 (Tsubasa WoRLD CHRoNiCLE #2),Sequential Art,£16.28,In,One
2024-10-20,This One Summer,Sequential Art,£19.49,In,Four
2024-10-20,The Nameless City (The Nameless City #1),Sequential Art,£38.16,In,Four
2024-10-20,"Saga, Volume 5 (Saga (Collected Editions) #5)",Sequential Art,£51.04,In,Two
2024-10-20,"Rat Queens, Vol. 3: Demons (Rat Queens (Collected Editions) #11-15)",Sequential Art,£50.40,In,Three
2024-10-20,"Princess Jellyfish 2-in-1 Omnibus, Vol. 01 (Princess Jellyfish 2-in-1 Omnibus #1)",Sequential Art,£13.61,In,Five
2024-10-20,"Pop Gun War, Volume 1: Gift",Sequential Art,£18.97,In,One
2024-10-20,Patience,Sequential Art,£10.16,In,Three
2024-10-20,"Outcast, Vol. 1: A Darkness Surrounds Him (Outcast #1)",Sequential Art,£15.44,In,Four
2024-10-20,orange: The Complete Collection 1 (orange: The Complete Collection #1),Sequential Art,£48.41,In,One
2024-10-20,"Lumberjanes, Vol. 2: Friendship to the Max (Lumberjanes #5-8)",Sequential Art,£46.91,In,Two
2024-10-20,"Lumberjanes, Vol. 1: Beware the Kitten Holy (Lumberjanes #1-4)",Sequential Art,£45.61,In,Three
2024-10-20,Lumberjanes Vol. 3: A Terrible Plan (Lumberjanes #9-12),Sequential Art,£19.92,In,Two
2024-10-20,"I Hate Fairyland, Vol. 1: Madly Ever After (I Hate Fairyland (Compilations) #1-5)",Sequential Art,£29.17,In,Two
2024-10-20,I am a Hero Omnibus Volume 1,Sequential Art,£54.63,In,Three
2024-10-20,"Giant Days, Vol. 2 (Giant Days #5-8)",Sequential Art,£22.11,In,Two
2024-10-20,Danganronpa Volume 1,Sequential Art,£51.99,In,Four
2024-10-20,"Codename Baboushka, Volume 1: The Conclave of Death",Sequential Art,£36.72,In,Four
2024-10-20,Camp Midnight,Sequential Art,£17.08,In,Four
2024-10-20,"The Bulletproof Diet: Lose up to a Pound a Day, Reclaim Energy and Focus, Upgrade Your Life",Health,£49.05,In,Three
2024-10-20,"Eat Fat, Get Thin",Health,£54.07,In,Two
2024-10-20,10-Day Green Smoothie Cleanse: Lose Up to 15 Pounds in 10 Days!,Health,£49.71,In,Five
2024-10-20,The Art and Science of Low Carbohydrate Living,Health,£52.98,In,Five
2024-10-20,Amid the Chaos,Cultural,£36.58,In,One
2024-10-20,It's Only the Himalayas,Travel,£45.17,In,Two
2024-10-20,Full Moon over Noah’s Ark: An Odyssey to Mount Ararat and Beyond,Travel,£49.43,In,Four
2024-10-20,Dark Notes,Erotica,£19.19,In,Five
2024-10-20,Suzie Snowflake: One beautiful flake (a self-esteem story),Novels,£54.81,In,Five
2024-10-20,The Long Shadow of Small Ghosts: Murder and Memory in an American City,Crime,£10.97,In,One
2024-10-20,See America: A Celebration of Our National Parks & Treasured Sites,Travel,£48.87,In,Three
2024-10-20,Vagabonding: An Uncommon Guide to the Art of Long-Term World Travel,Travel,£36.94,In,Two
2024-10-20,Under the Tuscan Sun,Travel,£37.33,In,Three
2024-10-20,A Summer In Europe,Travel,£44.34,In,Two
2024-10-20,The Great Railway Bazaar,Travel,£30.54,In,One
2024-10-20,A Year in Provence (Provence #1),Travel,£56.88,In,Four
2024-10-20,The Road to Little Dribbling: Adventures of an American in Britain (Notes From a Small Island #2),Travel,£23.21,In,One
2024-10-20,Neither Here nor There: Travels in Europe,Travel,£38.95,In,Three
2024-10-20,"1,000 Places to See Before You Die",Travel,£26.08,In,Five
2024-10-20,Libertarianism for Beginners,Politics,£51.33,In,Two
2024-10-20,Why the Right Went Wrong: Conservatism--From Goldwater to the Tea Party and Beyond,Politics,£52.65,In,Four
2024-10-20,Equal Is Unfair: America's Misguided Fight Against Income Inequality,Politics,£56.86,In,One
2024-10-20,Logan Kade (Fallen Crest High #5.5),Academic,£13.12,In,Two
2024-10-20,Sharp Objects,Mystery,£47.82,In,Four
2024-10-20,"In a Dark, Dark Wood",Mystery,£19.63,In,One
2024-10-20,The Past Never Ends,Mystery,£56.50,In,Four
2024-10-20,A Murder in Time,Mystery,£16.64,In,One
2024-10-20,The Murder of Roger Ackroyd (Hercule Poirot #4),Mystery,£44.10,In,Four
2024-10-20,The Last Mile (Amos Decker #2),Mystery,£54.21,In,Two
2024-10-20,That Darkness (Gardiner and Renner #1),Mystery,£13.92,In,One
2024-10-20,Tastes Like Fear (DI Marnie Rome #3),Mystery,£10.69,In,One
2024-10-20,A Time of Torment (Charlie Parker #14),Mystery,£48.35,In,Five
2024-10-20,A Study in Scarlet (Sherlock Holmes #1),Mystery,£16.73,In,Two
2024-10-20,Poisonous (Max Revere Novels #3),Mystery,£26.80,In,Three
2024-10-20,Murder at the 42nd Street Library (Raymond Ambler #1),Mystery,£54.36,In,Four
2024-10-20,Most Wanted,Mystery,£35.28,In,Three
2024-10-20,Hide Away (Eve Duncan #20),Mystery,£11.84,In,One
2024-10-20,Boar Island (Anna Pigeon #19),Mystery,£59.48,In,Three
2024-10-20,The Widow,Mystery,£27.26,In,Two
2024-10-20,Playing with Fire,Mystery,£13.71,In,Three
2024-10-20,What Happened on Beale Street (Secrets of the South Mysteries #2),Mystery,£25.37,In,Five
2024-10-20,Silence in the Dark (Logan Point #4),Suspense,£58.33,In,Three
2024-10-20,The Bachelor Girl's Guide to Murder (Herringford and Watts Mysteries #1),Mystery,£52.30,In,Five
2024-10-20,Delivering the Truth (Quaker Midwife Mystery #1),Mystery,£20.89,In,Four
2024-10-20,(Un)Qualified: How God Uses Broken People to Do Big Things,Christian,£54.00,In,Five
2024-10-20,Crazy Love: Overwhelmed by a Relentless God,Christian,£47.72,In,Two
2024-10-20,Blue Like Jazz: Nonreligious Thoughts on Christian Spirituality,Christian,£25.77,In,One
2024-10-20,Tipping the Velvet,Historical Fiction,£53.74,In,One
2024-10-20,Forever and Forever: The Courtship of Henry Longfellow and Fanny Appleton,Historical Fiction,£29.69,In,Three
2024-10-20,A Flight of Arrows (The Pathfinders #2),Historical Fiction,£55.53,In,Five
2024-10-20,The House by the Lake,Historical Fiction,£36.95,In,One
2024-10-20,Mrs. Houdini,Historical Fiction,£30.25,In,Five
2024-10-20,The Marriage of Opposites,Historical Fiction,£28.08,In,Four
2024-10-20,All the Light We Cannot See,Historical,£29.87,In,Five
2024-10-20,The Girl You Left Behind (The Girl You Left Behind #1),Historical,£15.79,In,One
2024-10-20,The Grownup,Short Stories,£35.88,In,One
2024-10-20,Glory over Everything: Beyond The Kitchen House,Historical Fiction,£45.84,In,Three
2024-10-20,"Love, Lies and Spies",Historical Fiction,£20.55,In,Two
2024-10-20,A Paris Apartment,Historical Fiction,£39.01,In,Four
2024-10-20,Lilac Girls,Historical Fiction,£17.28,In,Two
2024-10-20,The Constant Princess (The Tudor Court #1),Historical Fiction,£16.62,In,Three
2024-10-20,The Invention of Wings,Historical Fiction,£37.34,In,One
2024-10-20,World Without End (The Pillars of the Earth #2),Historical Fiction,£32.97,In,Four
2024-10-20,The Passion of Dolssa,Historical Fiction,£28.32,In,Five
2024-10-20,Girl With a Pearl Earring,Historical Fiction,£26.77,In,One
2024-10-20,Voyager (Outlander #3),Historical Fiction,£21.07,In,Five
2024-10-20,The Red Tent,Historical Fiction,£35.66,In,Five
2024-10-20,The Last Painting of Sara de Vos,Historical Fiction,£55.55,In,Two
2024-10-20,The Guernsey Literary and Potato Peel Pie Society,Historical Fiction,£49.53,In,One
2024-10-20,Girl in the Blue Coat,Historical Fiction,£46.83,In,Two
2024-10-20,Online Marketing for Busy Authors: A Step-By-Step Guide,Self Help,£46.35,In,One
2024-10-20,How to Be Miserable: 40 Strategies You Already Use,Self Help,£46.03,In,One
2024-10-20,"Overload: How to Unplug, Unwind, and Unleash Yourself from the Pressure of Stress",Self Help,£52.15,In,Three
2024-10-20,You Are a Badass: How to Stop Doubting Your Greatness and Start Living an Awesome Life,Self Help,£12.08,In,Three
2024-10-20,How to Stop Worrying and Start Living,Self Help,£46.49,In,Five
2024-10-20,The Four Agreements: A Practical Guide to Personal Freedom,Spirituality,£17.66,In,Five
2024-10-20,The Activist's Tao Te Ching: Ancient Advice for a Modern Revolution,Spirituality,£32.24,In,Five
2024-10-20,Chasing Heaven: What Dying Taught Me About Living,Spirituality,£37.80,In,Two
2024-10-20,If I Gave You God's Phone Number....: Searching for Spirituality in America,Spirituality,£20.91,In,One
2024-10-20,Unreasonable Hope: Finding Faith in the God Who Brings Purpose to Your Pain,Spirituality,£46.33,In,Two
2024-10-20,A New Earth: Awakening to Your Life's Purpose,Spirituality,£55.65,In,Five
2024-10-20,When We Collided,Contemporary,£31.77,In,One
2024-10-20,Someone Like You (The Harrisons #2),Contemporary,£52.79,In,Five
2024-10-20,We Are All Completely Beside Ourselves,Contemporary,£24.04,In,One
2024-10-20,In Her Wake,Thriller,£12.84,In,One
2024-10-20,The Elephant Tree,Thriller,£23.82,In,Five
2024-10-20,Behind Closed Doors,Thriller,£52.22,In,Four
2024-10-20,You (You #1),Thriller,£43.61,In,Five
2024-10-20,The Guilty (Will Robie #4),Thriller,£13.82,In,Two
2024-10-20,The 14th Colony (Cotton Malone #11),Thriller,£39.24,In,One
2024-10-20,Give It Back,Thriller,£18.32,In,Two
2024-10-20,Killing Floor (Jack Reacher #1),Thriller,£31.49,In,Four
2024-10-20,The Bone Hunters (Lexy Vaughan & Steven Macaulay #2),Thriller,£59.71,In,Three
2024-10-20,Far From True (Promise Falls Trilogy #2),Thriller,£34.93,In,Two
2024-10-20,The Travelers,Thriller,£15.77,In,One
2024-10-20,Louisa: The Extraordinary Life of Mrs. Adams,Biography,£16.85,In,Two
2024-10-20,"Setting the World on Fire: The Brief, Astonishing Life of St. Catherine of Siena",Biography,£21.15,In,Two
2024-10-20,The Faith of Christopher Hitchens: The Restless Soul of the World's Most Notorious Atheist,Biography,£39.55,In,One
2024-10-20,Benjamin Franklin: An American Life,Biography,£48.19,In,Three
2024-10-20,The Rise of Theodore Roosevelt (Theodore Roosevelt #1),Biography,£42.57,In,Three
2024-10-20,The Dirty Little Secrets of Getting Your Dream Job,Business,£33.34,In,Four
2024-10-20,The Third Wave: An Entrepreneur’s Vision of the Future,Business,£12.61,In,Five
2024-10-20,The 10% Entrepreneur: Live Your Startup Dream Without Quitting Your Day Job,Business,£27.55,In,Three
2024-10-20,Shoe Dog: A Memoir by the Creator of NIKE,Business,£23.99,In,Two
2024-10-20,Made to Stick: Why Some Ideas Survive and Others Die,Business,£38.85,In,Five
2024-10-20,Quench Your Own Thirst: Business Lessons Learned Over a Beer or Two,Business,£43.14,In,One
2024-10-20,The Art of Startup Fundraising,Business,£21.00,In,Three
2024-10-20,Born for This: How to Find the Work You Were Meant to Do,Business,£21.59,In,Five
2024-10-20,The E-Myth Revisited: Why Most Small Businesses Don't Work and What to Do About It,Business,£36.91,In,One
2024-10-20,"Rich Dad, Poor Dad",Business,£51.74,In,One
2024-10-20,Redeeming Love,Christian Fiction,£20.47,In,Five
2024-10-20,Close to You,Christian Fiction,£49.46,In,Four
2024-10-20,Shadows of the Past (Logan Point #1),Christian Fiction,£39.67,In,Five
2024-10-20,Like Never Before (Walker Family #2),Christian Fiction,£28.77,In,Two
2024-10-20,The Lean Startup: How Today's Entrepreneurs Use Continuous Innovation to Create Radically Successful Businesses,Business,£33.92,In,Three
2024-10-20,Rework,Business,£44.88,In,Two
2024-10-20,Counted With the Stars (Out from Egypt #1),Christian Fiction,£17.97,In,Five
2024-10-20,If I Run (If I Run #1),Christian Fiction,£49.97,In,Four
2024-10-20,"Foolproof Preserving: A Guide to Small Batch Jams, Jellies, Pickles, Condiments, and More: A Foolproof Guide to Making Small Batch Jams, Jellies, Pickles, Condiments, and More",Food and Drink,£30.52,In,Three
2024-10-20,"The Pioneer Woman Cooks: Dinnertime: Comfort Classics, Freezer Food, 16-Minute Meals, and Other Delicious Ways to Solve Supper!",Food and Drink,£56.41,In,One
2024-10-20,Sapiens: A Brief History of Humankind,History,£54.23,In,Five
2024-10-20,"Unbound: How Eight Technologies Made Us Human, Transformed Society, and Brought Our World to the Brink",History,£25.52,In,One
2024-10-20,The Age of Genius: The Seventeenth Century and the Birth of the Modern Mind,History,£19.73,In,One
2024-10-20,Security,Horror,£39.25,In,Two
2024-10-20,Follow You Home,Horror,£21.36,In,One
2024-10-20,The Loney,Horror,£23.40,In,One
2024-10-20,Pet Sematary,Horror,£10.56,In,Three
2024-10-20,Doctor Sleep (The Shining #2),Horror,£40.12,In,Two
2024-10-20,"Bitch Planet, Vol. 1: Extraordinary Machine (Bitch Planet (Collected Editions))",Sequential Art,£37.92,In,Two
2024-10-20,The Shadow Hero (The Shadow Hero),Sequential Art,£33.14,In,One
2024-10-20,"Fables, Vol. 1: Legends in Exile (Fables #1)",Sequential Art,£41.62,In,Four
2024-10-20,Batman: The Long Halloween (Batman),Sequential Art,£36.50,In,Two
2024-10-20,Batman: The Dark Knight Returns (Batman),Sequential Art,£15.38,In,Five
2024-10-20,"Wonder Woman: Earth One, Volume One (Wonder Woman: Earth One #1)",Sequential Art,£37.34,In,Four
2024-10-20,The Long Haul (Diary of a Wimpy Kid #9),Humor,£44.07,In,One
2024-10-20,Old School (Diary of a Wimpy Kid #10),Humor,£11.83,In,Five
2024-10-20,I Know What I'm Doing -- and Other Lies I Tell Myself: Dispatches from a Life Under Construction,Humor,£25.98,In,Four
2024-10-20,"Hyperbole and a Half: Unfortunate Situations, Flawed Coping Mechanisms, Mayhem, and Other Things That Happened",Humor,£14.75,In,Five
2024-10-20,My Paris Kitchen: Recipes and Stories,Food and Drink,£33.37,In,Two
2024-10-20,"Mama Tried: Traditional Italian Cooking for the Screwed, Crude, Vegan, and Tattooed",Food and Drink,£14.02,In,Four
2024-10-20,"Layered: Baking, Building, and Styling Spectacular Cakes",Food and Drink,£40.11,In,One
2024-10-20,The Nerdy Nummies Cookbook: Sweet Treats for the Geek in All of Us,Food and Drink,£37.34,In,Five
2024-10-20,The Love and Lemons Cookbook: An Apple-to-Zucchini Celebration of Impromptu Cooking,Food and Drink,£37.60,In,Two
2024-10-20,The Cookies & Cups Cookbook: 125+ sweet & savory recipes reminding you to Always Eat Dessert First,Food and Drink,£41.25,In,One
2024-10-20,"Deliciously Ella Every Day: Quick and Easy Recipes for Gluten-Free Snacks, Packed Lunches, and Simple Meals",Food and Drink,£42.16,In,Three
2024-10-20,The Help Yourself Cookbook for Kids: 60 Easy Plant-Based Recipes Kids Can Make to Stay Healthy and Save the Earth,Food and Drink,£28.77,In,Three
2024-10-20,"Political Suicide: Missteps, Peccadilloes, Bad Calls, Backroom Hijinx, Sordid Pasts, Rotten Breaks, and Just Plain Dumb Mistakes in the Annals of American Politics",History,£36.28,In,Two
2024-10-20,Thomas Jefferson and the Tripoli Pirates: The Forgotten War That Changed American History,History,£59.64,In,One
2024-10-20,Zealot: The Life and Times of Jesus of Nazareth,History,£24.70,In,Three
2024-10-20,A Distant Mirror: The Calamitous 14th Century,History,£14.58,In,Three
2024-10-20,1491: New Revelations of the Americas Before Columbus,History,£21.80,In,Three
2024-10-20,Brilliant Beacons: A History of the American Lighthouse,History,£11.45,In,Three
2024-10-20,"""Most Blessed of the Patriarchs"": Thomas Jefferson and the Empire of the Imagination",History,£44.48,In,Five
2024-10-20,Psycho: Sanitarium (Psycho #1.5),Horror,£36.97,In,Five
2024-10-20,Can You Keep a Secret? (Fear Street Relaunch #4),Horror,£48.64,In,One
2024-10-20,Red Dragon (Hannibal Lecter #1),Horror,£23.37,In,Three
2024-10-20,Dracula the Un-Dead,Horror,£35.63,In,Five
2024-10-20,Night Shift (Night Shift #1-20),Horror,£12.75,In,Four
2024-10-20,Needful Things,Horror,£47.51,In,Four
2024-10-20,"We Are Robin, Vol. 1: The Vigilante Business (We Are Robin #1)",Sequential Art,£53.90,In,One
2024-10-20,Through the Woods,Sequential Art,£25.38,In,Two
2024-10-20,Superman Vol. 1: Before Truth (Superman by Gene Luen Yang #1),Sequential Art,£11.89,In,Five
2024-10-20,"So Cute It Hurts!!, Vol. 6 (So Cute It Hurts!! #6)",Sequential Art,£35.43,In,Four
2024-10-20,Robin War,Sequential Art,£47.82,In,Three
2024-10-20,"Red Hood/Arsenal, Vol. 1: Open for Business (Red Hood/Arsenal #1)",Sequential Art,£25.48,In,Two
2024-10-20,"Naruto (3-in-1 Edition), Vol. 14: Includes Vols. 40, 41 & 42 (Naruto: Omnibus #14)",Sequential Art,£38.39,In,Two
2024-10-20,Lowriders to the Center of the Earth (Lowriders in Space #2),Sequential Art,£51.51,In,Two
2024-10-20,Dress Your Family in Corduroy and Denim,Humor,£43.68,In,Three
2024-10-20,Toddlers Are A**holes: It's Not Your Fault,Humor,£25.55,In,One
2024-10-20,When You Are Engulfed in Flames,Humor,£30.89,In,Five
2024-10-20,Naked,Humor,£31.69,In,Three
2024-10-20,"Lamb: The Gospel According to Biff, Christ's Childhood Pal",Humor,£55.50,In,Five
2024-10-20,Holidays on Ice,Humor,£51.07,In,Two
2024-10-20,"It's All Easy: Healthy, Delicious Weeknight Meals in under 30 Minutes",Food and Drink,£19.55,In,One
2024-10-20,Barefoot Contessa Back to Basics,Food and Drink,£28.01,In,One
2024-10-20,Barefoot Contessa at Home: Everyday Recipes You'll Make Over and Over Again,Food and Drink,£50.62,In,Five
2024-10-20,My Kitchen Year: 136 Recipes That Saved My Life,Food and Drink,£11.53,In,Two
2024-10-20,Everyday Italian: 125 Simple and Delicious Recipes,Food and Drink,£20.10,In,Five
2024-10-20,A Short History of Nearly Everything,History,£52.40,In,Five
2024-10-20,The Rise and Fall of the Third Reich: A History of Nazi Germany,History,£39.67,In,Two
2024-10-20,Catherine the Great: Portrait of a Woman,History,£58.55,In,Four
2024-10-20,The Mathews Men: Seven Brothers and the War Against Hitler's U-boats,History,£42.91,In,Five
2024-10-20,The Hiding Place,History,£55.91,In,Four
2024-10-20,America's War for the Greater Middle East: A Military History,History,£51.22,In,Two
2024-10-20,The Guns of August,History,£14.54,In,Two
2024-10-20,Misery,Horror,£34.79,In,Two
2024-10-20,It,Horror,£25.01,In,Three
2024-10-20,'Salem's Lot,Horror,£49.56,In,Four
2024-10-20,The Stand,Horror,£57.86,In,Two
2024-10-20,The Girl with All the Gifts,Horror,£49.47,In,Three
2024-10-20,House of Leaves,Horror,£54.89,In,One
2024-10-20,El Deafo,Sequential Art,£57.62,In,Five
2024-10-20,Batman: Europa,Sequential Art,£32.01,In,Two
2024-10-20,Art Ops Vol. 1,Sequential Art,£48.80,In,Three
2024-10-20,"Adulthood Is a Myth: A ""Sarah's Scribbles"" Collection",Sequential Art,£10.90,In,Two
2024-10-20,"Fruits Basket, Vol. 9 (Fruits Basket #9)",Sequential Art,£33.95,In,Four
2024-10-20,Roller Girl,Sequential Art,£14.10,In,Five
2024-10-20,Fifty Shades Freed (Fifty Shades #3),Adult Fiction,£15.36,In,Five
2024-10-20,Catastrophic Happiness: Finding Joy in Childhood's Messy Years,Parenting,£37.35,In,Two
2024-10-20,The Argonauts,Autobiography,£10.93,In,Two
2024-10-20,M Train,Autobiography,£27.18,In,One
2024-10-20,Lab Girl,Autobiography,£40.85,In,One
2024-10-20,Approval Junkie: Adventures in Caring Too Much,Autobiography,£58.81,In,Five
2024-10-20,Running with Scissors,Autobiography,£12.91,In,Four
2024-10-20,"A la Mode: 120 Recipes in 60 Pairings: Pies, Tarts, Cakes, Crisps, and More Topped with Ice Cream, Gelato, Frozen Custard, and More",Food and Drink,£38.77,In,One
2024-10-20,Cravings: Recipes for What You Want to Eat,Food and Drink,£20.50,In,Three
2024-10-20,"The Moosewood Cookbook: Recipes from Moosewood Restaurant, Ithaca, New York",Food and Drink,£12.34,In,Four
2024-10-20,32 Yolks,Food and Drink,£53.63,In,Two
2024-10-20,"Naturally Lean: 125 Nourishing Gluten-Free, Plant-Based Recipes--All Under 300 Calories",Food and Drink,£11.38,In,Five
2024-10-20,"House of Lost Worlds: Dinosaurs, Dynasties, and the Story of Life on Earth",History,£43.70,In,Two
2024-10-20,Me Talk Pretty One Day,Autobiography,£57.60,In,Two
2024-10-20,Lust & Wonder,Autobiography,£11.87,In,Two
2024-10-20,Life Without a Recipe,Autobiography,£59.04,In,Five
2024-10-20,A Heartbreaking Work of Staggering Genius,Autobiography,£54.29,In,Five
2024-10-20,"Vampire Knight, Vol. 1 (Vampire Knight #1)",Paranormal,£15.40,In,One
2024-10-20,The Most Perfect Thing: Inside (and Outside) a Bird's Egg,Science,£42.96,In,Four
2024-10-20,Immunity: How Elie Metchnikoff Changed the Course of Modern Medicine,Science,£57.36,In,Five
2024-10-20,Sorting the Beef from the Bull: The Science of Food Fraud Forensics,Science,£44.74,In,Four
2024-10-20,Wall and Piece,Art,£44.18,In,Four
2024-10-20,Feathers: Displays of Brilliant Plumage,Art,£49.05,In,Three
2024-10-20,Art and Fear: Observations on the Perils (and Rewards) of Artmaking,Art,£48.63,In,Four
2024-10-20,Tipping Point for Planet Earth: How Close Are We to the Edge?,Science,£37.55,In,One
2024-10-20,"The Fabric of the Cosmos: Space, Time, and the Texture of Reality",Science,£55.91,In,One
2024-10-20,Diary of a Citizen Scientist: Chasing Tiger Beetles and Other New Ways of Engaging the World,Science,£28.41,In,One
2024-10-20,The Origin of Species,Science,£10.01,In,Four
2024-10-20,The Grand Design,Science,£13.76,In,Three
2024-10-20,The New Drawing on the Right Side of the Brain,Art,£43.02,In,Three
2024-10-20,History of Beauty,Art,£10.29,In,Four
2024-10-20,The Story of Art,Art,£41.14,In,Four
2024-10-20,The Art Book,Art,£32.34,In,Two
2024-10-20,Ways of Seeing,Art,£39.51,In,Five
2024-10-20,Peak: Secrets from the New Science of Expertise,Science,£16.28,In,Two
2024-10-20,"The Elegant Universe: Superstrings, Hidden Dimensions, and the Quest for the Ultimate Theory",Science,£13.03,In,Four
2024-10-20,"The Disappearing Spoon: And Other True Tales of Madness, Love, and the History of the World from the Periodic Table of the Elements",Science,£57.35,In,Five
2024-10-20,"Surely You're Joking, Mr. Feynman!: Adventures of a Curious Character",Science,£25.83,In,Two
2024-10-20,Seven Brief Lessons on Physics,Science,£30.60,In,Four
2024-10-20,The Selfish Gene,Science,£29.45,In,One
2024-10-20,Without Borders (Wanderlove #1),New Adult,£45.07,In,Two
2024-10-20,The Mistake (Off-Campus #2),New Adult,£43.29,In,Three
2024-10-20,The Matchmaker's Playbook (Wingmen Inc. #1),New Adult,£55.85,In,One
2024-10-20,The Hook Up (Game On #1),New Adult,£36.29,In,Five
2024-10-20,Shameless,New Adult,£58.35,In,Three
2024-10-20,Off Sides (Off #1),New Adult,£39.45,In,Five
2024-10-20,Between Shades of Gray,Historical Fiction,£20.79,In,Five
2024-10-20,While You Were Mine,Historical Fiction,£41.32,In,Five
2024-10-20,The Secret Healer,Historical Fiction,£34.56,In,Three
2024-10-20,The Torch Is Passed: A Harding Family Story,Add a comment,£19.09,In,One
2024-10-20,"The Mindfulness and Acceptance Workbook for Anxiety: A Guide to Breaking Free from Anxiety, Phobias, and Worry Using Acceptance and Commitment Therapy",Add a comment,£23.89,In,Four
2024-10-20,The Book of Basketball: The NBA According to The Sports Guy,Sports and Games,£44.84,In,Five
2024-10-20,"Friday Night Lights: A Town, a Team, and a Dream",Sports and Games,£51.22,In,Three
2024-10-20,Sugar Rush (Offensive Line #2),Sports and Games,£24.42,In,One
2024-10-20,Settling the Score (The Summer Games #1),Sports and Games,£44.91,In,Two
2024-10-20,Icing (Aces Hockey #2),Sports and Games,£40.44,In,Four
2024-10-20,Unicorn Tracks,Fantasy,£18.78,In,Three
2024-10-20,"Saga, Volume 6 (Saga (Collected Editions) #6)",Fantasy,£25.02,In,Three
2024-10-20,Princess Between Worlds (Wide-Awake Princess #5),Fantasy,£13.34,In,Five
2024-10-20,Masks and Shadows,Fantasy,£56.40,In,Two
2024-10-20,Crown of Midnight (Throne of Glass #2),Fantasy,£43.29,In,Three
2024-10-20,Starlark,Historical Fiction,£25.83,In,Three
2024-10-20,Lost Among the Living,Historical Fiction,£27.70,In,Four
2024-10-20,A Spy's Devotion (The Regency Spies of London #1),Historical Fiction,£16.97,In,Five
2024-10-20,The Art Forger,Add a comment,£40.76,In,Three
2024-10-20,On a Midnight Clear,Add a comment,£14.07,In,Three
2024-10-20,Judo: Seven Steps to Black Belt (an Introductory Guide for Beginners),Add a comment,£53.90,In,Two
2024-10-20,"Shobu Samurai, Project Aryoku (#3)",Add a comment,£29.06,In,Three
2024-10-20,Modern Romance,Add a comment,£28.26,In,Five
2024-10-20,The White Queen (The Cousins' War #1),Add a comment,£25.91,In,Five
2024-10-20,The Song of Achilles,Add a comment,£37.40,In,Five
2024-10-20,"Avatar: The Last Airbender: Smoke and Shadow, Part 3 (Smoke and Shadow #3)",Fantasy,£28.09,In,Two
2024-10-20,A Court of Thorns and Roses (A Court of Thorns and Roses #1),Fantasy,£52.37,In,One
2024-10-20,Throne of Glass (Throne of Glass #1),Fantasy,£35.07,In,Three
2024-10-20,The Glittering Court (The Glittering Court #1),Fantasy,£44.28,In,One
2024-10-20,Hollow City (Miss Peregrine’s Peculiar Children #2),Fantasy,£42.98,In,One
2024-10-20,The Star-Touched Queen,Fantasy,£46.02,In,Five
2024-10-20,The Immortal Life of Henrietta Lacks,Add a comment,£40.67,In,Two
2024-10-20,The Dovekeepers,Add a comment,£48.78,In,One
2024-10-20,More Than Music (Chasing the Dream #1),Add a comment,£37.61,In,Two
2024-10-20,Code Name Verity (Code Name Verity #1),Add a comment,£22.13,In,Four
2024-10-20,Cell,Add a comment,£20.29,In,Four
2024-10-20,Angels Walking (Angels Walking #1),Add a comment,£34.20,In,Two
2024-10-20,The Hidden Oracle (The Trials of Apollo #1),Fantasy,£52.26,In,Two
2024-10-20,The Bane Chronicles (The Bane Chronicles #1-11),Fantasy,£44.73,In,Four
2024-10-20,Island of Dragons (Unwanteds #7),Fantasy,£29.65,In,One
2024-10-20,Demigods & Magicians: Percy and Annabeth Meet the Kanes (Percy Jackson & Kane Chronicles Crossover #1-3),Fantasy,£37.51,In,Five
2024-10-20,City of Glass (The Mortal Instruments #3),Fantasy,£56.02,In,Four
2024-10-20,Searching for Meaning in Gailana,Fantasy,£38.73,In,One
2024-10-20,The Star-Touched Queen,Fantasy,£32.30,In,Five
2024-10-20,A Shard of Ice (The Black Symphony Saga #1),Fantasy,£56.63,In,Three
2024-10-20,"A Series of Catastrophes and Miracles: A True Story of Love, Science, and Cancer",Add a comment,£56.48,In,Two
2024-10-20,A People's History of the United States,Add a comment,£40.79,In,Two
2024-10-20,A Brush of Wings (Angels Walking #3),Add a comment,£55.51,In,One
2024-10-20,Rook,Add a comment,£37.86,In,Four
2024-10-20,The Midnight Watch: A Novel of the Titanic and the Californian,Add a comment,£26.20,In,One
2024-10-20,King's Folly (The Kinsman Chronicles #1),Fantasy,£39.61,In,Five
2024-10-20,Mesaerion: The Best Science Fiction Stories 1800-1849,Science Fiction,£37.59,In,One
2024-10-20,Join,Science Fiction,£35.67,In,Five
2024-10-20,"William Shakespeare's Star Wars: Verily, A New Hope (William Shakespeare's Star Wars #4)",Science Fiction,£43.30,In,Four
2024-10-20,The Project,Science Fiction,£10.65,In,One
2024-10-20,"The Coming Woman: A Novel Based on the Life of the Infamous Feminist, Victoria Woodhull",Default,£17.93,In,Three
2024-10-20,The Boys in the Boat: Nine Americans and Their Epic Quest for Gold at the 1936 Berlin Olympics,Default,£22.60,In,Four
2024-10-20,"Starving Hearts (Triangular Trade Trilogy, #1)",Default,£13.99,In,Two
2024-10-20,America's Cradle of Quarterbacks: Western Pennsylvania's Football Factory from Johnny Unitas to Joe Montana,Default,£22.50,In,Three
2024-10-20,Aladdin and His Wonderful Lamp,Default,£53.13,In,Three
2024-10-20,Soft Apocalypse,Science Fiction,£26.12,In,Two
2024-10-20,Sleeping Giants (Themis Files #1),Science Fiction,£48.74,In,One
2024-10-20,Arena,Science Fiction,£21.36,In,Four
2024-10-20,Penny Maybe,Default,£33.29,In,Three
2024-10-20,Maude (1883-1993):She Grew Up with the country,Default,£18.02,In,Two
2024-10-20,"The Inefficiency Assassin: Time Management Tactics for Working Smarter, Not Longer",Default,£20.59,In,Five
2024-10-20,Soul Reader,Default,£39.58,In,Two
2024-10-20,Bossypants,Default,£49.46,In,Two
2024-10-20,Foundation (Foundation (Publication Order) #1),Science Fiction,£32.42,In,One
2024-10-20,The Restaurant at the End of the Universe (Hitchhiker's Guide to the Galaxy #2),Science Fiction,£10.92,In,One
2024-10-20,Ready Player One,Science Fiction,£19.07,In,Four
2024-10-20,"Life, the Universe and Everything (Hitchhiker's Guide to the Galaxy #3)",Science Fiction,£33.26,In,Two
2024-10-20,Dune (Dune #1),Science Fiction,£54.86,In,One
2024-10-20,Do Androids Dream of Electric Sheep? (Blade Runner #1),Science Fiction,£51.48,In,One
2024-10-20,Three Wishes (River of Time: California #1),Science Fiction,£44.18,In,Two
2024-10-20,A World of Flavor: Your Gluten Free Passport,Default,£42.95,In,One
2024-10-20,"A Piece of Sky, a Grain of Rice: A Memoir in Four Meditations",Default,£56.76,In,Five
2024-10-20,Tracing Numbers on a Train,Default,£41.60,In,Three
2024-10-20,Thirteen Reasons Why,Default,£52.72,In,One
2024-10-20,The Secret (The Secret #1),Default,£27.37,In,Four
2024-10-20,The Psychopath Test: A Journey Through the Madness Industry,Default,£36.00,In,Two
2024-10-20,The Kite Runner,Default,£41.82,In,Four
2024-10-20,The Girl on the Train,Default,£55.02,In,Two
2024-10-20,Worlds Elsewhere: Journeys Around Shakespeare’s Globe,Nonfiction,£40.30,In,Five
2024-10-20,The Five Love Languages: How to Express Heartfelt Commitment to Your Mate,Nonfiction,£31.05,In,Three
2024-10-20,Reasons to Stay Alive,Nonfiction,£26.41,In,Two
2024-10-20,#HigherSelfie: Wake Up Your Life. Free Your Soul. Find Your Tribe.,Nonfiction,£23.11,In,Five
2024-10-20,Rip it Up and Start Again,Music,£35.02,In,Five
2024-10-20,"Our Band Could Be Your Life: Scenes from the American Indie Underground, 1981-1991",Music,£57.25,In,Three
2024-10-20,How Music Works,Music,£37.32,In,Two
2024-10-20,Love Is a Mix Tape (Music #1),Music,£18.03,In,One
2024-10-20,Please Kill Me: The Uncensored Oral History of Punk,Music,£31.19,In,Four
2024-10-20,The Last Girl (The Dominion Trilogy #1),Science Fiction,£36.26,In,Two
2024-10-20,Having the Barbarian's Baby (Ice Planet Barbarians #7.5),Science Fiction,£34.96,In,Four
2024-10-20,The Emerald Mystery,Default,£23.15,In,Two
2024-10-20,The Bridge to Consciousness: I'm Writing the Bridge Between Science and Our Old and New Beliefs.,Default,£32.00,In,Three
2024-10-20,"Unseen City: The Majesty of Pigeons, the Discreet Charm of Snails & Other Wonders of the Urban Wilderness",Nonfiction,£44.18,In,Four
2024-10-20,Throwing Rocks at the Google Bus: How Growth Became the Enemy of Prosperity,Nonfiction,£31.12,In,Three
2024-10-20,The Life-Changing Magic of Tidying Up: The Japanese Art of Decluttering and Organizing,Nonfiction,£16.77,In,Three
2024-10-20,The Gutsy Girl: Escapades for Your Life of Epic Adventure,Nonfiction,£37.13,In,One
2024-10-20,The Electric Pencil: Drawings from Inside State Hospital No. 3,Nonfiction,£56.06,In,One
2024-10-20,Spark Joy: An Illustrated Master Class on the Art of Organizing and Tidying Up,Nonfiction,£41.83,In,Four
2024-10-20,Kill 'Em and Leave: Searching for James Brown and the American Soul,Music,£45.05,In,Five
2024-10-20,"Chronicles, Vol. 1",Music,£52.60,In,Two
2024-10-20,This Is Your Brain on Music: The Science of a Human Obsession,Music,£38.40,In,One
2024-10-20,"Orchestra of Exiles: The Story of Bronislaw Huberman, the Israel Philharmonic, and the One Thousand Jews He Saved from Nazi Horrors",Music,£12.36,In,Three
2024-10-20,No One Here Gets Out Alive,Music,£20.02,In,Five
2024-10-20,Life,Music,£31.58,In,Five
2024-10-20,Old Records Never Die: One Man's Quest for His Vinyl and His Past,Music,£55.66,In,Two
2024-10-20,Forever Rockers (The Rocker #12),Music,£28.80,In,Three
2024-10-20,Reskilling America: Learning to Labor in the Twenty-First Century,Nonfiction,£19.83,In,Two
2024-10-20,In the Country We Love: My Family Divided,Nonfiction,£22.00,In,Four
2024-10-20,Everydata: The Misinformation Hidden in the Little Data You Consume Every Day,Nonfiction,£54.35,In,Two
2024-10-20,Call the Nurse: True Stories of a Country Nurse on a Scottish Isle,Nonfiction,£29.14,In,Five
2024-10-20,Algorithms to Live By: The Computer Science of Human Decisions,Nonfiction,£30.81,In,One
2024-10-20,The Power of Now: A Guide to Spiritual Enlightenment,Nonfiction,£43.54,In,Two
2024-10-20,The Omnivore's Dilemma: A Natural History of Four Meals,Nonfiction,£38.21,In,Two
2024-10-20,The Genius of Birds,Nonfiction,£17.24,In,One
2024-10-20,The Artist's Way: A Spiritual Path to Higher Creativity,Nonfiction,£38.49,In,Five
2024-10-20,So You've Been Publicly Shamed,Nonfiction,£12.23,In,Two
2024-10-20,How to Cook Everything Vegetarian: Simple Meatless Recipes for Great Food (How to Cook Everything),Food and Drink,£46.01,In,Four
2024-10-20,How to Be a Domestic Goddess: Baking and the Art of Comfort Cooking,Food and Drink,£28.25,In,Two
2024-10-20,The Barefoot Contessa Cookbook,Food and Drink,£59.92,In,Five
2024-10-20,Better Homes and Gardens New Cook Book,Food and Drink,£39.61,In,Three
2024-10-20,The Power Greens Cookbook: 140 Delicious Superfood Recipes,Food and Drink,£11.05,In,Five
2024-10-20,Mexican Today: New and Rediscovered Recipes for Contemporary Kitchens,Food and Drink,£24.91,In,Five
2024-10-20,Vegan Vegetarian Omnivore: Dinner for Everyone at the Table,Food and Drink,£13.66,In,Two
2024-10-20,The Smitten Kitchen Cookbook,Food and Drink,£23.59,In,One
2024-10-20,"The Art of Simple Food: Notes, Lessons, and Recipes from a Delicious Revolution",Food and Drink,£34.32,In,Three
2024-10-20,Hungry Girl Clean & Hungry: Easy All-Natural Recipes for Healthy Eating in the Real World,Food and Drink,£33.14,In,Three
2024-10-20,"Don't Be a Jerk: And Other Practical Advice from Dogen, Japan's Greatest Zen Master",Religion,£37.97,In,Two
2024-10-20,You Are What You Love: The Spiritual Power of Habit,Religion,£21.87,In,Four
2024-10-20,God: The Most Unpleasant Character in All Fiction,Religion,£30.03,In,Five
2024-10-20,The Book of Mormon,Religion,£24.57,In,Three
2024-10-20,"A History of God: The 4,000-Year Quest of Judaism, Christianity, and Islam",Religion,£27.62,In,One
2024-10-20,"Fruits Basket, Vol. 7 (Fruits Basket #7)",Sequential Art,£19.57,In,One
2024-10-20,"Fruits Basket, Vol. 6 (Fruits Basket #6)",Sequential Art,£20.96,In,Four
2024-10-20,"Death Note, Vol. 6: Give-and-Take (Death Note #6)",Sequential Art,£36.39,In,Three
2024-10-20,"Fruits Basket, Vol. 5 (Fruits Basket #5)",Sequential Art,£16.33,In,One
2024-10-20,"Death Note, Vol. 5: Whiteout (Death Note #5)",Sequential Art,£52.41,In,One
2024-10-20,"The Demon Prince of Momochi House, Vol. 4 (The Demon Prince of Momochi House #4)",Sequential Art,£27.88,In,Two
2024-10-20,Birdsong: A Story in Pictures,Childrens,£54.64,In,Three
2024-10-20,The Bear and the Piano,Childrens,£36.89,In,One
2024-10-20,The Secret of Dreadwillow Carse,Childrens,£56.13,In,One
2024-10-20,The White Cat and the Monk: A Retelling of the Poem “Pangur Bán”,Childrens,£58.08,In,Four
2024-10-20,The Bhagavad Gita,Religion,£57.49,In,Three
2024-10-20,Choosing Our Religion: The Spiritual Lives of America's Nones,Religion,£28.42,In,Four
2024-10-20,"Fruits Basket, Vol. 4 (Fruits Basket #4)",Sequential Art,£50.44,In,Four
2024-10-20,"The Wicked + The Divine, Vol. 3: Commercial Suicide (The Wicked + The Divine)",Sequential Art,£14.41,In,Three
2024-10-20,"The Sandman, Vol. 3: Dream Country (The Sandman (volumes) #3)",Sequential Art,£55.55,In,Five
2024-10-20,"Saga, Volume 3 (Saga (Collected Editions) #3)",Sequential Art,£21.57,In,Five
2024-10-20,Little Red,Childrens,£13.47,In,Three
2024-10-20,Walt Disney's Alice in Wonderland,Childrens,£12.96,In,Five
2024-10-20,Twenty Yawns,Childrens,£22.08,In,Two
2024-10-20,Rain Fish,Childrens,£23.57,In,Three
2024-10-20,Once Was a Time,Childrens,£18.28,In,Two
2024-10-20,Luis Paints the World,Childrens,£53.95,In,Three
2024-10-20,Prodigy: The Graphic Novel (Legend: The Graphic Novel #2),Sequential Art,£43.63,In,Three
2024-10-20,Persepolis: The Story of a Childhood (Persepolis #1-2),Sequential Art,£39.13,In,One
2024-10-20,Original Fake,Sequential Art,£31.45,In,Three
2024-10-20,"Grayson, Vol 3: Nemesis (Grayson #3)",Sequential Art,£42.72,In,One
2024-10-20,"Fruits Basket, Vol. 3 (Fruits Basket #3)",Sequential Art,£45.17,In,Two
2024-10-20,"Black Butler, Vol. 1 (Black Butler #1)",Sequential Art,£49.31,In,One
2024-10-20,Awkward,Sequential Art,£38.02,In,Two
2024-10-20,Nap-a-Roo,Childrens,£25.08,In,One
2024-10-20,The Whale,Childrens,£35.96,In,Four
2024-10-20,"Shrunken Treasures: Literary Classics, Short, Sweet, and Silly",Childrens,£52.87,In,Three
2024-10-20,Raymie Nightingale,Childrens,£34.41,In,Two
2024-10-20,Playing from the Heart,Childrens,£32.38,In,One
2024-10-20,Maybe Something Beautiful: How Art Transformed a Neighborhood,Childrens,£22.54,In,One
2024-10-20,The Wild Robot,Childrens,£56.07,In,Three
2024-10-20,"The Sandman, Vol. 2: The Doll's House (The Sandman (volumes) #2)",Sequential Art,£54.81,In,One
2024-10-20,"Saga, Volume 2 (Saga (Collected Editions) #2)",Sequential Art,£11.75,In,Three
2024-10-20,"Fruits Basket, Vol. 2 (Fruits Basket #2)",Sequential Art,£11.64,In,Five
2024-10-20,The Thing About Jellyfish,Childrens,£48.77,In,One
2024-10-20,The Lonely Ones,Childrens,£43.59,In,Five
2024-10-20,The Day the Crayons Came Home (Crayons),Childrens,£26.33,In,Five
2024-10-20,Soumission,Fiction,£50.10,In,One
2024-10-20,Private Paris (Private #10),Fiction,£47.61,In,Five
2024-10-20,"We Love You, Charlie Freeman",Fiction,£50.27,In,Five
2024-10-20,I Had a Nice Time And Other Lies...: How to find love & sh*t like that,Womens Fiction,£57.36,In,Four
2024-10-20,Will You Won't You Want Me?,Womens Fiction,£13.86,In,Three
2024-10-20,Chase Me (Paris Nights #2),Romance,£25.27,In,Five
2024-10-20,Black Dust,Romance,£34.53,In,Five
2024-10-20,Her Backup Boyfriend (The Sorensen Family #1),Romance,£33.97,In,One
2024-10-20,Sophie's World,Philosophy,£15.94,In,Five
2024-10-20,The Death of Humanity: and the Case for Life,Philosophy,£58.11,In,Four
2024-10-20,The Stranger,Philosophy,£17.44,In,Four
2024-10-20,Proofs of God: Classical Arguments from Tertullian to Barth,Philosophy,£54.21,In,One
2024-10-20,Kierkegaard: A Christian Missionary to Christians,Philosophy,£47.13,In,One
2024-10-20,"At The Existentialist Café: Freedom, Being, and apricot cocktails with: Jean-Paul Sartre, Simone de Beauvoir, Albert Camus, Martin Heidegger, Edmund Husserl, Karl Jaspers, Maurice Merleau-Ponty and others",Philosophy,£29.93,In,Five
2024-10-20,Critique of Pure Reason,Philosophy,£20.75,In,One
2024-10-20,Thirst,Fiction,£17.27,In,Five
2024-10-20,The Murder That Never Was (Forensic Instincts #5),Fiction,£54.11,In,Three
2024-10-20,Tuesday Nights in 1980,Fiction,£21.04,In,Two
2024-10-20,The Vacationers,Fiction,£42.15,In,Four
2024-10-20,The Regional Office Is Under Attack!,Fiction,£51.36,In,Five
2024-10-20,Finders Keepers (Bill Hodges Trilogy #2),Fiction,£53.53,In,Five
2024-10-20,The Time Keeper,Fiction,£27.88,In,Five
2024-10-20,Keep Me Posted,Womens Fiction,£20.46,In,Four
2024-10-20,Grey (Fifty Shades #4),Womens Fiction,£48.49,In,Four
2024-10-20,Meternity,Womens Fiction,£43.58,In,Three
2024-10-20,Some Women,Womens Fiction,£13.73,In,Five
2024-10-20,Shopaholic Ties the Knot (Shopaholic #3),Womens Fiction,£48.39,In,Five
2024-10-20,Can You Keep a Secret?,Womens Fiction,£21.94,In,One
2024-10-20,First and First (Five Boroughs #3),Romance,£15.97,In,Four
2024-10-20,Fifty Shades Darker (Fifty Shades #2),Romance,£21.96,In,One
2024-10-20,The Wedding Dress,Romance,£24.12,In,One
2024-10-20,Suddenly in Love (Lake Haven #1),Romance,£55.99,In,Two
2024-10-20,Something More Than This,Romance,£16.24,In,Four
2024-10-20,Doing It Over (Most Likely To #1),Romance,£35.61,In,Three
2024-10-20,The Wedding Pact (The O'Malleys #2),Romance,£32.61,In,Three
2024-10-20,"Run, Spot, Run: The Ethics of Keeping Pets",Philosophy,£20.02,In,One
2024-10-20,The Nicomachean Ethics,Philosophy,£36.34,In,One
2024-10-20,Meditations,Philosophy,£25.89,In,Two
2024-10-20,Beyond Good and Evil,Philosophy,£43.38,In,One
2024-10-20,The Testament of Mary,Fiction,£52.67,In,Four
2024-10-20,The First Hostage (J.B. Collins #2),Fiction,£25.85,In,Three
2024-10-20,Take Me with You,Fiction,£45.21,In,Three
2024-10-20,Still Life with Bread Crumbs,Fiction,£26.41,In,Three
2024-10-20,Shtum,Fiction,£55.84,In,Four
2024-10-20,My Name Is Lucy Barton,Fiction,£41.56,In,One
2024-10-20,My Mrs. Brown,Fiction,£24.48,In,Three
2024-10-20,Twenties Girl,Womens Fiction,£42.80,In,Two
2024-10-20,The Undomestic Goddess,Womens Fiction,£45.75,In,Four
2024-10-20,The Nanny Diaries (Nanny #1),Womens Fiction,£52.53,In,Five
2024-10-20,The Devil Wears Prada (The Devil Wears Prada #1),Womens Fiction,£44.29,In,One
2024-10-20,Something Borrowed (Darcy & Rachel #1),Womens Fiction,£48.96,In,Five
2024-10-20,Something Blue (Darcy & Rachel #2),Womens Fiction,£54.62,In,One
2024-10-20,I've Got Your Number,Womens Fiction,£19.69,In,One
2024-10-20,Hold Your Breath (Search and Rescue #1),Romance,£28.82,In,One
2024-10-20,Dirty (Dive Bar #1),Romance,£40.83,In,Four
2024-10-20,Take Me Home Tonight (Rock Star Romance #3),Romance,£53.98,In,Three
2024-10-20,Off the Hook (Fishing for Trouble #1),Romance,£47.67,In,Three
2024-10-20,A Gentleman's Position (Society of Gentlemen #3),Romance,£14.75,In,Five
2024-10-20,"Sit, Stay, Love",Romance,£20.90,In,Three
2024-10-20,A Girl's Guide to Moving On (New Beginnings #2),Romance,£31.30,In,One
2024-10-20,Mr. Mercedes (Bill Hodges Trilogy #1),Fiction,£28.90,In,One
2024-10-20,I Am Pilgrim (Pilgrim #1),Fiction,£10.60,In,Four
2024-10-20,Eligible (The Austen Project #4),Fiction,£27.09,In,Three
2024-10-20,The Edge of Reason (Bridget Jones #2),Womens Fiction,£19.18,In,Four
2024-10-20,Bridget Jones's Diary (Bridget Jones #1),Womens Fiction,£29.82,In,One
2024-10-20,The Perfect Play (Play by Play #1),Romance,£59.99,In,Three
2024-10-20,Dark Lover (Black Dagger Brotherhood #1),Romance,£12.87,In,One
2024-10-20,Changing the Game (Play by Play #2),Romance,£13.38,In,Three
2024-10-20,The Art of War,Default,£33.34,In,Five
2024-10-20,Secrets and Lace (Fatal Hearts #1),Default,£20.27,In,One
2024-10-20,Romero and Juliet: A Tragic Tale of Love and Zombies,Default,£36.94,In,One
2024-10-20,Poses for Artists Volume 1 - Dynamic and Sitting Poses: An Essential Reference for Figure Drawing and the Human Form,Default,£41.06,In,One
2024-10-20,Miss Peregrine’s Home for Peculiar Children (Miss Peregrine’s Peculiar Children #1),Default,£10.76,In,One
2024-10-20,Large Print Heart of the Pride,Default,£19.15,In,Two
2024-10-20,Grumbles,Default,£22.16,In,Two
2024-10-20,First Steps for New Christians (Print Edition),Default,£29.00,In,One
2024-10-20,Eureka Trivia 6.0,Default,£54.59,In,Four
2024-10-20,Drive: The Surprising Truth About What Motivates Us,Default,£34.95,In,Four
2024-10-20,Done Rubbed Out (Reightman & Bailey #1),Default,£37.72,In,Five
2024-10-20,Beauty Restored (Riley Family Legacy Novellas #3),Default,£11.11,In,Two
2024-10-20,The Secret Garden,Classics,£15.08,In,Four
2024-10-20,The Metamorphosis,Classics,£28.58,In,One
2024-10-20,The Pilgrim's Progress,Classics,£50.26,In,Two
2024-10-20,The Hound of the Baskervilles (Sherlock Holmes #5),Classics,£14.82,In,Two
2024-10-20,Little Women (Little Women #1),Classics,£28.07,In,Four
2024-10-20,Ayumi's Violin,Default,£15.48,In,Two
2024-10-20,Anonymous,Default,£46.82,In,Four
2024-10-20,Amy Meets the Saints and Sages,Default,£18.46,In,Three
2024-10-20,Amatus,Default,£50.54,In,Five
2024-10-20,V for Vendetta (V for Vendetta Complete),Default,£37.10,In,Four
2024-10-20,"Unbroken: A World War II Story of Survival, Resilience, and Redemption",Default,£45.95,In,Two
2024-10-20,Gone with the Wind,Classics,£32.49,In,Three
2024-10-20,Candide,Classics,£58.63,In,Three
2024-10-20,Animal Farm,Classics,£57.22,In,Three
2024-10-20,Wuthering Heights,Classics,£17.73,In,Three
2024-10-20,The Picture of Dorian Gray,Classics,£29.70,In,Two
2024-10-20,The Complete Stories and Poems (The Works of Edgar Allan Poe [Cameo Edition]),Classics,£26.78,In,Four
2024-10-20,Beowulf,Classics,£38.35,In,Two
2024-10-20,The Gray Rhino: How to Recognize and Act on the Obvious Dangers We Ignore,Add a comment,£59.15,In,Four
2024-10-20,The Children,Add a comment,£11.88,In,Three
2024-10-20,One with You (Crossfire #5),Add a comment,£15.71,In,Four
2024-10-20,Without Shame,Add a comment,£48.27,In,Five
2024-10-20,Watchmen,Add a comment,£58.05,In,Four
2024-10-20,A Hero's Curse (The Unseen Chronicles #1),Add a comment,£50.49,In,Three
2024-10-20,The Wright Brothers,Default,£56.80,In,Four
2024-10-20,The Songs of the Gods,Default,£44.48,In,Five
2024-10-20,And Then There Were None,Classics,£35.01,In,Two
2024-10-20,The Story of Hong Gildong,Classics,£43.19,In,Four
2024-10-20,The Little Prince,Classics,£45.42,In,Two
2024-10-20,Sense and Sensibility,Classics,£37.46,In,One
2024-10-20,Of Mice and Men,Classics,£47.11,In,Two
2024-10-20,Emma,Classics,£32.93,In,Two
2024-10-20,Alice in Wonderland (Alice's Adventures in Wonderland #1),Classics,£55.53,In,One
2024-10-20,23 Degrees South: A Tropical Tale of Changing Whether...,Add a comment,£35.79,In,Two
2024-10-20,The Glass Castle,Add a comment,£16.24,In,One
2024-10-20,The Drowning Girls,Add a comment,£35.67,In,Three
2024-10-20,Team of Rivals: The Political Genius of Abraham Lincoln,Add a comment,£20.12,In,Five
2024-10-20,John Adams,Add a comment,£57.43,In,Four
2024-10-20,Good in Bed (Cannie Shapiro #1),Add a comment,£37.05,In,Five
2024-10-20,The Joy of Cooking,Add a comment,£43.27,In,Four
2024-10-20,The Golden Compass (His Dark Materials #1),Add a comment,£18.77,In,One
2024-10-20,The God Delusion,Add a comment,£46.85,In,Three
2024-10-20,Pride and Prejudice,Add a comment,£19.27,In,Four
2024-10-20,Mere Christianity,Add a comment,£48.51,In,Three
2024-10-20,Fun Home: A Family Tragicomic,Add a comment,£56.59,In,Four
2024-10-20,The Raven King (The Raven Cycle #4),Add a comment,£30.57,In,Two
2024-10-20,Find Her (Detective D.D. Warren #8),Add a comment,£22.37,In,One
2024-10-20,The Cat in the Hat (Beginner Books B-1),Childrens,£16.26,In,Two
2024-10-20,Red: The True Story of Red Riding Hood,Childrens,£28.54,In,Three
2024-10-20,Horrible Bear!,Childrens,£37.52,In,Two
2024-10-20,Green Eggs and Ham (Beginner Books B-16),Childrens,£10.79,In,Four
2024-10-20,Counting Thyme,Childrens,£10.62,In,One
2024-10-20,Are We There Yet?,Childrens,£10.66,In,Three
2024-10-20,Diary of a Minecraft Zombie Book 1: A Scare of a Dare (An Unofficial Minecraft Book),Childrens,£52.88,In,Four
2024-10-20,Matilda,Childrens,£28.34,In,One
2024-10-20,Charlie and the Chocolate Factory (Charlie Bucket #1),Childrens,£22.85,In,Three
2024-10-20,"Y: The Last Man, Vol. 1: Unmanned (Y: The Last Man #1)",Sequential Art,£18.51,In,Four
2024-10-20,"The Wicked + The Divine, Vol. 1: The Faust Act (The Wicked + The Divine)",Sequential Art,£36.52,In,Two
2024-10-20,"The Sandman, Vol. 1: Preludes and Nocturnes (The Sandman (volumes) #1)",Sequential Art,£54.12,In,Three
2024-10-20,The Complete Maus (Maus #1-2),Sequential Art,£10.64,In,Three
2024-10-20,"Skip Beat!, Vol. 01 (Skip Beat! #1)",Sequential Art,£42.12,In,Three
2024-10-20,"Saga, Volume 1 (Saga (Collected Editions) #1)",Sequential Art,£28.48,In,One
2024-10-20,"Rat Queens, Vol. 1: Sass & Sorcery (Rat Queens (Collected Editions) #1-5)",Sequential Art,£46.96,In,Five
2024-10-20,"Paper Girls, Vol. 1 (Paper Girls #1-5)",Sequential Art,£21.71,In,Four
2024-10-20,"Ouran High School Host Club, Vol. 1 (Ouran High School Host Club #1)",Sequential Art,£29.87,In,Three
2024-10-20,"Ms. Marvel, Vol. 1: No Normal (Ms. Marvel (2014-2015) #1)",Sequential Art,£39.39,In,Four
2024-10-20,"Hawkeye, Vol. 1: My Life as a Weapon (Hawkeye #1)",Sequential Art,£45.24,In,Three
2024-10-20,"Giant Days, Vol. 1 (Giant Days #1-4)",Sequential Art,£56.76,In,Four
2024-10-20,"Fruits Basket, Vol. 1 (Fruits Basket #1)",Sequential Art,£40.28,In,Five
2024-10-20,"Daring Greatly: How the Courage to Be Vulnerable Transforms the Way We Live, Love, Parent, and Lead",Nonfiction,£19.43,In,Three
2024-10-20,Big Magic: Creative Living Beyond Fear,Nonfiction,£30.80,In,Three
2024-10-20,Becoming Wise: An Inquiry into the Mystery and Art of Living,Nonfiction,£27.43,In,Two
2024-10-20,Agnostic: A Spirited Manifesto,Nonfiction,£12.51,In,Five
2024-10-20,"Bleach, Vol. 1: Strawberry and the Soul Reapers (Bleach #1)",Sequential Art,£34.65,In,Five
2024-10-20,"Ajin: Demi-Human, Volume 1 (Ajin: Demi-Human #1)",Sequential Art,£57.06,In,Four
2024-10-20,Whole Lotta Creativity Going On: 60 Fun and Unusual Exercises to Awaken and Strengthen Your Creativity,Nonfiction,£38.20,In,Four
2024-10-20,What's It Like in Space?: Stories from Astronauts Who've Been There,Nonfiction,£19.60,In,Two
2024-10-20,The Year of Magical Thinking,Nonfiction,£43.04,In,Two
2024-10-20,The Literature Book (Big Ideas Simply Explained),Nonfiction,£17.43,In,Three
2024-10-20,The Bad-Ass Librarians of Timbuktu: And Their Race to Save the World’s Most Precious Manuscripts,Nonfiction,£15.77,In,One
2024-10-20,Swell: A Year of Waves,Nonfiction,£45.58,In,One
2024-10-20,No Dream Is Too High: Life Lessons From a Man Who Walked on the Moon,Nonfiction,£21.95,In,Two
2024-10-20,Looking for Lovely: Collecting the Moments that Matter,Nonfiction,£29.14,In,Five
2024-10-20,Let It Out: A Journey Through Journaling,Nonfiction,£26.79,In,Five
2024-10-20,Hamilton: The Revolution,Nonfiction,£58.79,In,Three
2024-10-20,"Far & Away: Places on the Brink of Change: Seven Continents, Twenty-Five Years",Nonfiction,£15.06,In,Four
2024-10-20,"Eaternity: More than 150 Deliciously Easy Vegan Recipes for a Long, Healthy, Satisfied, Joyful Life",Nonfiction,£51.75,In,Five
2024-10-20,Buying In: The Secret Dialogue Between What We Buy and Who We Are,Nonfiction,£37.80,In,Four
2024-10-20,Brain on Fire: My Month of Madness,Nonfiction,£49.32,In,Five
2024-10-20,Abstract City,Nonfiction,£56.37,In,Five
2024-10-20,13 Hours: The Inside Account of What Really Happened In Benghazi,Nonfiction,£27.06,In,One
2024-10-20,A Walk to Remember,Romance,£56.43,In,One
2024-10-20,The Purest Hook (Second Circle Tattoos #3),Romance,£12.25,In,One
2024-10-20,The Lucifer Effect: Understanding How Good People Turn Evil,Psychology,£10.40,In,One
2024-10-20,The Golden Condom: And Other Essays on Love Lost and Found,Psychology,£39.43,In,One
2024-10-20,It Didn't Start with You: How Inherited Family Trauma Shapes Who We Are and How to End the Cycle,Psychology,£56.27,In,Three
2024-10-20,Eight Hundred Grapes,Fiction,£14.39,In,Four
2024-10-20,Dear Mr. Knightley,Fiction,£11.21,In,Five
2024-10-20,The Rosie Project (Don Tillman #1),Default,£54.04,In,One
2024-10-20,The Power of Habit: Why We Do What We Do in Life and Business,Default,£16.88,In,Three
2024-10-20,The Obsession,Romance,£45.43,In,One
2024-10-20,Reservations for Two,Romance,£11.10,In,Three
2024-10-20,Best of My Love (Fool's Gold #20),Romance,£27.41,In,Two
2024-10-20,An Unquiet Mind: A Memoir of Moods and Madness,Psychology,£21.30,In,Three
2024-10-20,"Thinking, Fast and Slow",Psychology,£21.14,In,One
2024-10-20,Civilization and Its Discontents,Psychology,£59.95,In,Two
2024-10-20,8 Keys to Mental Health Through Exercise,Psychology,£31.04,In,One
2024-10-20,Cometh the Hour (The Clifton Chronicles #6),Fiction,£25.01,In,Three
2024-10-20,Balloon Animals,Fiction,£17.03,In,Three
2024-10-20,A Man Called Ove,Fiction,£39.72,In,One
2024-10-20,The Silent Sister (Riley MacPherson #1),Fiction,£46.29,In,Five
2024-10-20,Steve Jobs,Default,£39.50,In,Five
2024-10-20,Luckiest Girl Alive,Default,£49.83,In,Three
2024-10-20,"Living Leadership by Insight: A Good Leader Achieves, a Great Leader Builds Monuments",Default,£46.91,In,Four
2024-10-20,Lady Midnight (The Dark Artifices #1),Default,£16.28,In,Five
2024-10-20,Where Lightning Strikes (Bleeding Stars #3),Romance,£39.77,In,Three
2024-10-20,This One Moment (Pushing Limits #1),Romance,£48.71,In,One
2024-10-20,"Rhythm, Chord & Malykhin",Romance,£28.34,In,Two
2024-10-20,The Dinner Party,Fiction,£56.54,In,Two
2024-10-20,The Improbability of Love,Fiction,£59.45,In,One
2024-10-20,Mothering Sunday,Fiction,£13.34,In,Two
2024-10-20,Lies and Other Acts of Love,Fiction,£45.14,In,One
2024-10-20,"Hush, Hush (Hush, Hush #1)",Default,£47.02,In,Three
2024-10-20,Greek Mythic History,Default,£10.23,In,Five
2024-10-20,Every Last Word,Default,£46.47,In,Three
2024-10-20,Daily Fantasy Sports,Default,£36.58,In,One
2024-10-20,My Perfect Mistake (Over the Top #1),Romance,£38.92,In,Two
2024-10-20,Listen to Me (Fusion #1),Romance,£58.99,In,Three
2024-10-20,Imperfect Harmony,Romance,£34.74,In,Four
2024-10-20,Daredevils,Fiction,£16.34,In,Three
2024-10-20,11/22/63,Fiction,£48.48,In,Three
2024-10-20,The Shack,Fiction,£28.03,In,One
2024-10-20,Clockwork Angel (The Infernal Devices #1),Default,£44.14,In,One
2024-10-20,City of Fallen Angels (The Mortal Instruments #4),Default,£11.23,In,Four
2024-10-20,City of Bones (The Mortal Instruments #1),Default,£43.28,In,One
2024-10-20,City of Ashes (The Mortal Instruments #2),Default,£47.27,In,One
2024-10-20,Fighting Fate (Fighting #6),Romance,£39.24,In,Three
2024-10-20,Deep Under (Walker Security #1),Romance,£47.09,In,Five
2024-10-20,Charity's Cross (Charles Towne Belles #4),Romance,£41.24,In,One
2024-10-20,Bounty (Colorado Mountain #7),Romance,£37.26,In,Four
2024-10-20,The High Mountains of Portugal,Fiction,£51.15,In,One
2024-10-20,Miller's Valley,Fiction,£58.54,In,Two
2024-10-20,Hystopia: A Novel,Fiction,£21.96,In,Four
2024-10-20,The Bourne Identity (Jason Bourne #1),Fiction,£42.78,In,Four
2024-10-20,"Carry On, Warrior: Thoughts on Life Unarmed",Default,£31.85,In,Three
2024-10-20,Carrie,Default,£46.23,In,Two
2024-10-20,Angels & Demons (Robert Langdon #1),Default,£51.48,In,Three
2024-10-20,"The Three Searches, Meaning, and the Story",Default,£13.33,In,Three
2024-10-20,Sister Dear,Fiction,£40.20,In,Four
2024-10-20,Memoirs of a Geisha,Fiction,£49.67,In,Three
2024-10-20,Me Before You (Me Before You #1),Fiction,£19.02,In,One
2024-10-20,Raspberry Pi Electronics Projects for the Evil Genius,Default,£49.67,In,Four
2024-10-20,How to Speak Golf: An Illustrated Guide to Links Lingo,Default,£58.32,In,Five
2024-10-20,A Light in the Attic,Poetry,£51.77,In,Three
2024-10-20,The Black Maria,Poetry,£52.15,In,One
2024-10-20,Shakespeare's Sonnets,Poetry,£20.66,In,Four
2024-10-20,Olio,Poetry,£23.88,In,One
2024-10-20,You can't bury them all: Poems,Poetry,£33.63,In,Two
2024-10-20,Slow States of Collapse: Poems,Poetry,£57.31,In,Three
2024-10-20,Untitled Collection: Sabbath Poems 2014,Poetry,£14.27,In,Four
2024-10-20,Poems That Make Grown Women Cry,Poetry,£14.19,In,Four
2024-10-20,Night Sky with Exit Wounds,Poetry,£41.05,In,One
2024-10-20,salt.,Poetry,£46.78,In,Four
2024-10-20,"Quarter Life Poetry: Poems for the Young, Broke and Hangry",Poetry,£50.89,In,Five
2024-10-20,Out of Print: City Lights Spotlight No. 14,Poetry,£53.64,In,Five
2024-10-20,Les Fleurs du Mal,Poetry,£29.04,In,Five
2024-10-20,The Mysterious Affair at Styles (Hercule Poirot #1),Mystery,£24.80,In,Four
2024-10-20,In the Woods (Dublin Murder Squad #1),Mystery,£38.38,In,Two
2024-10-20,The Silkworm (Cormoran Strike #2),Mystery,£23.05,In,Five
2024-10-20,The Exiled,Mystery,£43.45,In,Three
2024-10-20,The Cuckoo's Calling (Cormoran Strike #1),Mystery,£19.21,In,One
2024-10-20,Extreme Prey (Lucas Davenport #26),Mystery,£25.40,In,Three
2024-10-20,Howl and Other Poems,Poetry,£40.45,In,Two
2024-10-20,Leave This Song Behind: Teen Poetry at Its Best,Poetry,£51.17,In,Five
2024-10-20,The Collected Poems of W.B. Yeats (The Collected Works of W.B. Yeats #1),Poetry,£15.42,In,Five
2024-10-20,The Crossover,Poetry,£38.77,In,Four
2024-10-20,Booked,Poetry,£17.49,In,Five
2024-10-20,Twenty Love Poems and a Song of Despair,Poetry,£30.95,In,Four
2024-10-20,Career of Evil (Cormoran Strike #3),Mystery,£24.72,In,Two
2024-10-20,The No. 1 Ladies' Detective Agency (No. 1 Ladies' Detective Agency #1),Mystery,£57.70,In,Four
2024-10-20,The Girl You Lost,Mystery,£12.29,In,Five
2024-10-20,The Girl In The Ice (DCI Erika Foster #1),Mystery,£15.85,In,Three
2024-10-20,Blood Defense (Samantha Brinkman #1),Mystery,£20.30,In,Three
2024-10-20,1st to Die (Women's Murder Club #1),Mystery,£53.98,In,One
2024-10-20,Evicted: Poverty and Profit in the American City,Add a comment,£42.27,In,One
2024-10-20,A Game of Thrones (A Song of Ice and Fire #1),Add a comment,£46.42,In,Two
2024-10-20,A Clash of Kings (A Song of Ice and Fire #2),Add a comment,£10.79,In,Three
2024-10-20,The Tipping Point: How Little Things Can Make a Big Difference,Add a comment,£10.02,In,Two
2024-10-20,The Rest Is Noise: Listening to the Twentieth Century,Add a comment,£34.77,In,One
2024-10-20,The Lonely City: Adventures in the Art of Being Alone,Nonfiction,£33.26,In,Two
2024-10-20,The Diary of a Young Girl,Nonfiction,£59.90,In,Three
2024-10-20,Snatched: How A Drug Queen Went Undercover for the DEA and Was Kidnapped By Colombian Guerillas,Nonfiction,£21.21,In,Three
2024-10-20,Furiously Happy: A Funny Book About Horrible Things,Nonfiction,£41.46,In,Four
2024-10-20,"The Sleep Revolution: Transforming Your Life, One Night at a Time",Nonfiction,£11.68,In,Four
2024-10-20,"Mother, Can You Not?",Nonfiction,£16.89,In,Five
2024-10-20,The Purpose Driven Life: What on Earth Am I Here for?,Add a comment,£37.19,In,Three
2024-10-20,The Hitchhiker's Guide to the Galaxy (Hitchhiker's Guide to the Galaxy #1),Add a comment,£47.80,In,Three
2024-10-20,The Girl Who Kicked the Hornet's Nest (Millennium Trilogy #3),Add a comment,£57.48,In,One
2024-10-20,"The End of Faith: Religion, Terror, and the Future of Reason",Add a comment,£22.13,In,Four
2024-10-20,The Complete Poems,Add a comment,£41.32,In,Five
2024-10-20,The Catcher in the Rye,Add a comment,£24.55,In,One
2024-10-20,The Case for Christ (Cases for Christianity),Add a comment,£47.84,In,One
2024-10-20,The Blind Side: Evolution of a Game,Add a comment,£53.71,In,Five
2024-10-20,A Mother's Reckoning: Living in the Aftermath of Tragedy,Nonfiction,£19.53,In,Three
2024-10-20,"10% Happier: How I Tamed the Voice in My Head, Reduced Stress Without Losing My Edge, and Found Self-Help That Actually Works",Nonfiction,£24.57,In,Two
2024-10-20,Chernobyl 01:23:40: The Incredible True Story of the World's Worst Nuclear Disaster,Nonfiction,£35.92,In,Two
2024-10-20,"Zero to One: Notes on Startups, or How to Build the Future",Nonfiction,£34.06,In,Three
2024-10-20,Why Not Me?,Nonfiction,£17.76,In,One
2024-10-20,When Breath Becomes Air,Nonfiction,£39.36,In,Two
2024-10-20,"The Midnight Assassin: Panic, Scandal, and the Hunt for America's First Serial Killer",Nonfiction,£28.45,In,Four
2024-10-20,Seven Days in the Art World,Add a comment,£52.33,In,Two
2024-10-20,Sarah's Key,Add a comment,£46.29,In,One
2024-10-20,Rogue Lawyer (Rogue Lawyer #1),Add a comment,£50.11,In,Three
2024-10-20,Manuscript Found in Accra,Add a comment,£34.98,In,Two
2024-10-20,Fire Bound (Sea Haven/Sisters of the Heart #5),Add a comment,£21.28,In,Four
2024-10-20,Cosmos,Add a comment,£36.17,In,Two
2024-10-20,Smarter Faster Better: The Secrets of Being Productive in Life and Business,Nonfiction,£38.89,In,Five
2024-10-20,Rising Strong,Nonfiction,£21.82,In,Three
2024-10-20,Man's Search for Meaning,Nonfiction,£29.48,In,Three
2024-10-20,"Love That Boy: What Two Presidents, Eight Road Trips, and My Son Taught Me About a Parent's Expectations",Nonfiction,£25.06,In,Two
2024-10-20,Living Forward: A Proven Plan to Stop Drifting and Get the Life You Want,Nonfiction,£12.55,In,Three
2024-10-20,I Will Find You,Nonfiction,£44.21,In,One
2024-10-20,Brazen: The Courage to Find the You That's Been Hiding,Nonfiction,£19.22,In,Two
2024-10-20,#GIRLBOSS,Add a comment,£50.96,In,One
2024-10-20,Eleanor & Park,Default,£56.51,In,Five
2024-10-20,Troublemaker: Surviving Hollywood and Scientology,Default,£48.39,In,Two
2024-10-20,Deception Point,Fiction,£40.32,In,Four
2024-10-20,The Little Paris Bookshop,Fiction,£24.73,In,Three
2024-10-20,Adultery,Default,£20.88,In,Five
2024-10-20,Unlimited Intuition Now,Default,£58.87,In,Four
2024-10-20,Underlying Notes,Default,£11.82,In,Two
2024-10-20,The New Brand You: Your New Image Makes the Sale for You,Default,£44.05,In,Five
2024-10-20,The Flowers Lied,Default,£16.68,In,Two
2024-10-20,"NaNo What Now? Finding your editing process, revising your NaNoWriMo book and building a writing career through publishing and beyond",Default,£10.41,In,Four
2024-10-20,The Firm,Fiction,£45.56,In,Three
2024-10-20,The Expatriates,Fiction,£44.58,In,Two
2024-10-20,Siddhartha,Fiction,£34.22,In,Five
2024-10-20,Last One Home (New Beginnings #1),Fiction,£59.98,In,Three
2024-10-20,Digital Fortress,Fiction,£58.00,In,Five
2024-10-20,Atlas Shrugged,Fiction,£26.58,In,Five
2024-10-20,Three-Martini Lunch,Fiction,£23.21,In,Three
2024-10-20,The Nightingale,Fiction,£26.26,In,Four
2024-10-20,Modern Day Fables,Default,£47.44,In,Two
2024-10-20,The Unlikely Pilgrimage of Harold Fry (Harold Fry #1),Default,£43.62,In,Five
2024-10-20,The Martian (The Martian #1),Default,£41.39,In,Two
2024-10-20,Left Behind (Left Behind #1),Default,£40.72,In,Two
2024-10-20,John Vassos: Industrial Design for Modern Life,Default,£20.22,In,Four
2024-10-20,I'll Give You the Sun,Default,£56.48,In,One
2024-10-20,The Infinities,Fiction,£27.41,In,One
2024-10-20,The Husband's Secret,Fiction,£52.51,In,Five
2024-10-20,The Da Vinci Code (Robert Langdon #2),Fiction,£22.96,In,Two
2024-10-20,The Art of Fielding,Fiction,£22.10,In,One
2024-10-20,Lila (Gilead #3),Fiction,£12.47,In,Three
2024-10-20,Jurassic Park (Jurassic Park #1),Fiction,£44.97,In,One
2024-10-20,Inferno (Robert Langdon #4),Fiction,£41.00,In,Five
2024-10-20,Heaven is for Real: A Little Boy's Astounding Story of His Trip to Heaven and Back,Default,£52.86,In,Two
2024-10-20,Ender's Game (The Ender Quintet #1),Default,£43.64,In,One
2024-10-20,Death by Leisure: A Cautionary Tale,Default,£37.51,In,Four
2024-10-20,Wildlife of New York: A Five-Borough Coloring Book,Default,£22.14,In,Two
2024-10-20,The Year of Living Biblically: One Man's Humble Quest to Follow the Bible as Literally as Possible,Default,£34.72,In,One
2024-10-20,The Great Gatsby,Default,£36.05,In,Four
2024-10-20,Crazy Rich Asians (Crazy Rich Asians #1),Fiction,£49.13,In,Five
2024-10-20,Big Little Lies,Fiction,£22.11,In,One
2024-10-20,The Course of Love,Fiction,£16.78,In,Three
2024-10-20,The Sense of an Ending,Add a comment,£31.38,In,Three
2024-10-20,The Republic,Add a comment,£33.78,In,Three
2024-10-20,The Odyssey,Add a comment,£29.64,In,Three
2024-10-20,The Light of the Fireflies,Add a comment,£54.43,In,One
2024-10-20,The Iliad,Add a comment,£16.16,In,One
2024-10-20,The Communist Manifesto,Add a comment,£14.76,In,Three
2024-10-20,Lord of the Flies,Add a comment,£24.89,In,Three
2024-10-20,When I'm Gone,Fiction,£51.96,In,Three
2024-10-20,The Silent Wife,Fiction,£12.34,In,Five
2024-10-20,The Bette Davis Club,Fiction,£30.66,In,Three
2024-10-20,Kitchens of the Great Midwest,Fiction,£57.20,In,Five
2024-10-20,Bright Lines,Fiction,£39.07,In,Five
2024-10-20,The Good Girl,Default,£49.03,In,Three
2024-10-20,The 7 Habits of Highly Effective People: Powerful Lessons in Personal Change,Default,£33.17,In,Four
2024-10-20,Steal Like an Artist: 10 Things Nobody Told You About Being Creative,Default,£20.90,In,Two
2024-10-20,Life of Pi,Default,£13.22,In,Four
2024-10-20,The Sound Of Love,Default,£57.84,In,Five
2024-10-20,The Perks of Being a Wallflower,Default,£55.02,In,Three
2024-10-20,The Makings of a Fatherless Child,Default,£31.58,In,Two
2024-10-20,The Hobbit (Middle-Earth Universe),Default,£17.80,In,Five
2024-10-20,The Fellowship of the Ring (The Lord of the Rings #1),Default,£10.27,In,Two
2024-10-20,Ship Leaves Harbor: Essays on Travel by a Recovering Journeyman,Default,£30.60,In,Three
2024-10-20,Musicophilia: Tales of Music and the Brain,Default,£46.58,In,One
2024-10-20,What If?: Serious Scientific Answers to Absurd Hypothetical Questions,Default,£53.68,In,Four
2024-10-20,The Fault in Our Stars,Default,£47.22,In,One
2024-10-20,The Dream Thieves (The Raven Cycle #2),Default,£34.50,In,One
2024-10-20,The 5th Wave (The 5th Wave #1),Default,£11.83,In,Two
2024-10-20,Shiver (The Wolves of Mercy Falls #1),Default,£16.23,In,Five
2024-10-20,Remember Me?,Default,£11.48,In,Three
2024-10-20,If I Stay (If I Stay #1),Default,£38.13,In,Five
2024-10-20,I Know Why the Caged Bird Sings (Maya Angelou's Autobiography #1),Default,£36.55,In,Two
2024-10-20,Harry Potter and the Deathly Hallows (Harry Potter #7),Default,£23.32,In,One
2024-10-20,Between the World and Me,Nonfiction,£56.91,In,Four
2024-10-20,Being Mortal: Medicine and What Matters in the End,Nonfiction,£55.06,In,Four
2024-10-20,"A Murder Over a Girl: Justice, Gender, Junior High",Nonfiction,£13.20,In,Three
2024-10-20,For the Love: Fighting for Grace in a World of Impossible Standards,Nonfiction,£45.13,In,Three
2024-10-20,Finding God in the Ruins: How God Redeems Pain,Nonfiction,£46.64,In,Two
2024-10-20,The Man Who Mistook His Wife for a Hat and Other Clinical Tales,Nonfiction,£59.45,In,Four
2024-10-20,In Cold Blood,Nonfiction,£49.98,In,Four
2024-10-20,"Girl, Interrupted",Nonfiction,£42.14,In,Three
2024-10-20,Why Save the Bankers?: And Other Essays on Our Economic and Political Crisis,Nonfiction,£48.67,In,Two
2024-10-20,Talking to Girls About Duran Duran: One Young Man's Quest for True Love and a Cooler Haircut,Nonfiction,£25.15,In,Four
2024-10-20,My Mother Was Nuts,Nonfiction,£31.63,In,Four
2024-10-20,"Data, A Love Story: How I Gamed Online Dating to Meet My Match",Nonfiction,£32.35,In,Three
2024-10-20,The Jazz of Physics: The Secret Link Between Music and the Structure of the Universe,Nonfiction,£38.71,In,Three
2024-10-20,The Gunning of America: Business and the Making of American Gun Culture,Nonfiction,£16.81,In,Four
2024-10-20,The Geography of Bliss: One Grump's Search for the Happiest Places in the World,Nonfiction,£28.23,In,Two
2024-10-20,God Is Not Great: How Religion Poisons Everything,Nonfiction,£27.80,In,One
2024-10-20,We the People: The Modern-Day Figures Who Have Reshaped and Affirmed the Founding Fathers' Vision of America,Nonfiction,£31.95,In,Three
2024-10-20,Very Good Lives: The Fringe Benefits of Failure and the Importance of Imagination,Nonfiction,£50.66,In,Three
2024-10-20,"Unstuffed: Decluttering Your Home, Mind, and Soul",Nonfiction,£58.09,In,One
2024-10-20,Under the Banner of Heaven: A Story of Violent Faith,Nonfiction,£30.00,In,One
2024-10-20,Every Heart a Doorway (Every Heart A Doorway #1),Fantasy,£12.16,In,Five
2024-10-20,A Gathering of Shadows (Shades of Magic #2),Fantasy,£44.81,In,Four
2024-10-20,The Raven Boys (The Raven Cycle #1),Fantasy,£57.74,In,Four
2024-10-20,The False Prince (The Ascendance Trilogy #1),Fantasy,£56.00,In,Five
2024-10-20,Tell the Wind and Fire,Fantasy,£45.51,In,Three
2024-10-20,A Feast for Crows (A Song of Ice and Fire #4),Fantasy,£17.21,In,Four
2024-10-20,The Demonists (Demonist #1),Fantasy,£52.11,In,Two
2024-10-20,The Beast (Black Dagger Brotherhood #14),Fantasy,£46.08,In,Five
2024-10-20,Paper and Fire (The Great Library #2),Fantasy,£49.45,In,Five
2024-10-20,Harry Potter and the Order of the Phoenix (Harry Potter #5),Fantasy,£31.63,In,Four
2024-10-20,Harry Potter and the Half-Blood Prince (Harry Potter #6),Fantasy,£48.75,In,Five
2024-10-20,Harry Potter and the Chamber of Secrets (Harry Potter #2),Fantasy,£14.74,In,One
2024-10-20,The Rose & the Dagger (The Wrath and the Dawn #2),Fantasy,£58.64,In,Four
2024-10-20,Soldier (Talon #3),Fantasy,£24.72,In,Two
2024-10-20,Midnight Riot (Peter Grant/ Rivers of London - books #1),Fantasy,£55.46,In,Two
2024-10-20,Heir to the Sky,Fantasy,£44.07,In,Four
2024-10-20,Eragon (The Inheritance Cycle #1),Fantasy,£43.87,In,Three
2024-10-20,Darkfever (Fever #1),Fantasy,£56.02,In,One
2024-10-20,Ash,Fantasy,£22.06,In,Four
2024-10-20,A Storm of Swords (A Song of Ice and Fire #3),Fantasy,£31.22,In,Two
2024-10-20,Fool Me Once,Default,£16.96,In,One
2024-10-20,Drama,Default,£38.70,In,Two
2024-10-20,"Blue Lily, Lily Blue (The Raven Cycle #3)",Default,£34.13,In,Five
2024-10-20,Alight (The Generations Trilogy #2),Default,£58.59,In,Four
2024-10-20,Vogue Colors A to Z: A Fashion Coloring Book,Default,£52.35,In,Four
2024-10-20,The Shining (The Shining #1),Default,£27.88,In,Three
2024-10-20,The Hunger Games (The Hunger Games #1),Default,£29.85,In,Five
2024-10-20,Outlander (Outlander #1),Default,£19.67,In,Five
2024-10-20,Mockingjay (The Hunger Games #3),Default,£20.44,In,Four
2024-10-20,Harry Potter and the Sorcerer's Stone (Harry Potter #1),Default,£13.90,In,Three
2024-10-20,Confessions of a Shopaholic (Shopaholic #1),Default,£48.94,In,Two
2024-10-20,Zero History (Blue Ant #3),Default,£34.77,In,One
2024-10-20,World War Z: An Oral History of the Zombie War,Default,£21.80,In,One
2024-10-20,Wild: From Lost to Found on the Pacific Crest Trail,Default,£46.02,In,Three
2024-10-20,"Where'd You Go, Bernadette",Default,£18.13,In,One
2024-10-20,Twilight (Twilight #1),Default,£41.93,In,Two
2024-10-20,The Paris Wife,Default,£36.80,In,Three
2024-10-20,The Maze Runner (The Maze Runner #1),Default,£20.93,In,One
2024-10-20,The Lover's Dictionary,Default,£58.09,In,Two
2024-10-20,The Goldfinch,Default,£43.58,In,Three
2024-10-20,Vampire Girl (Vampire Girl #1),Fantasy,£53.82,In,Two
2024-10-20,The Silent Twin (Detective Jennifer Knight #3),Fantasy,£36.25,In,Three
2024-10-20,The Mirror & the Maze (The Wrath and the Dawn #1.5),Fantasy,£29.38,In,One
2024-10-20,Sister Sable (The Mad Queen #1),Fantasy,£13.33,In,Three
2024-10-20,Shadow Rites (Jane Yellowrock #10),Fantasy,£21.72,In,Four
2024-10-20,Origins (Alphas 0.5),Fantasy,£28.99,In,One
2024-10-20,One Second (Seven #7),Fantasy,£52.94,In,Two
2024-10-20,Myriad (Prentor #1),Fantasy,£58.75,In,Four
2024-10-20,"Trespassing Across America: One Man's Epic, Never-Done-Before (and Sort of Illegal) Hike Across the Heartland",Nonfiction,£53.51,In,One
2024-10-20,The Name of God is Mercy,Nonfiction,£37.25,In,Two
2024-10-20,Stiff: The Curious Lives of Human Cadavers,Nonfiction,£36.74,In,Three
2024-10-20,Spilled Milk: Based on a True Story,Nonfiction,£49.51,In,One
2024-10-20,"Rise of the Rocket Girls: The Women Who Propelled Us, from Missiles to the Moon to Mars",Nonfiction,£41.67,In,Four
2024-10-20,Outliers: The Story of Success,Nonfiction,£14.16,In,One
2024-10-20,Notes from a Small Island (Notes From a Small Island #1),Nonfiction,£40.17,In,One
2024-10-20,Night (The Night Trilogy #1),Nonfiction,£13.51,In,One
2024-10-20,"Miracles from Heaven: A Little Girl, Her Journey to Heaven, and Her Amazing Story of Healing",Nonfiction,£57.83,In,One
2024-10-20,Letter to a Christian Nation,Nonfiction,£22.20,In,One
2024-10-20,Let's Pretend This Never Happened: A Mostly True Memoir,Nonfiction,£45.11,In,One
2024-10-20,It's Never Too Late to Begin Again: Discovering Creativity and Meaning at Midlife and Beyond,Nonfiction,£42.38,In,One
2024-10-20,Into the Wild,Nonfiction,£56.70,In,Five
2024-10-20,"In the Garden of Beasts: Love, Terror, and an American Family in Hitler's Berlin",Nonfiction,£28.85,In,Three
2024-10-20,I Am Malala: The Girl Who Stood Up for Education and Was Shot by the Taliban,Nonfiction,£28.88,In,Two
2024-10-20,Gratitude,Nonfiction,£26.66,In,Five
2024-10-20,Disrupted: My Misadventure in the Start-Up Bubble,Nonfiction,£15.28,In,Five
2024-10-20,Brave Enough,Nonfiction,£51.32,In,Five
2024-10-20,"Born to Run: A Hidden Tribe, Superathletes, and the Greatest Race the World Has Never Seen",Nonfiction,£27.35,In,Two
2024-10-20,Blink: The Power of Thinking Without Thinking,Nonfiction,£21.74,In,Five
2024-10-20,The Giver (The Giver Quartet #1),Default,£12.30,In,One
2024-10-20,The Girl Who Played with Fire (Millennium Trilogy #2),Default,£22.14,In,Two
2024-10-20,The Demon-Haunted World: Science as a Candle in the Dark,Default,£52.25,In,Four
2024-10-20,The Book Thief,Default,£53.49,In,Two
2024-10-20,The Autobiography of Malcolm X,Default,£23.43,In,Two
2024-10-20,Shopaholic & Baby (Shopaholic #5),Default,£46.45,In,Two
2024-10-20,Quiet: The Power of Introverts in a World That Can't Stop Talking,Default,£43.55,In,One
2024-10-20,Packing for Mars: The Curious Science of Life in the Void,Default,£56.68,In,Two
2024-10-20,Orange Is the New Black,Default,£24.61,In,Two
2024-10-20,One for the Money (Stephanie Plum #1),Default,£32.87,In,Two
2024-10-20,Morning Star (Red Rising #3),Default,£29.40,In,One
2024-10-20,Life After Life,Default,£26.13,In,Two
2024-10-20,"Lean In: Women, Work, and the Will to Lead",Default,£25.02,In,One
2024-10-20,Is Everyone Hanging Out Without Me? (And Other Concerns),Default,£20.11,In,Three
2024-10-20,Gone Girl,Default,£37.60,In,Five
2024-10-20,Fellside,Default,£38.62,In,One
2024-10-20,Eclipse (Twilight #3),Default,£18.74,In,One
2024-10-20,Dracula,Default,£52.62,In,Three
2024-10-20,Dead Wake: The Last Crossing of the Lusitania,Default,£39.24,In,Five
2024-10-20,"David and Goliath: Underdogs, Misfits, and the Art of Battling Giants",Default,£17.81,In,One
2024-10-20,Black Flags: The Rise of ISIS,Nonfiction,£40.87,In,One
2024-10-20,Are We Smart Enough to Know How Smart Animals Are?,Nonfiction,£56.58,In,One
2024-10-20,A Walk in the Woods: Rediscovering America on the Appalachian Trail,Nonfiction,£30.48,In,Four
2024-10-20,"The Suffragettes (Little Black Classics, #96)",Nonfiction,£11.89,In,Two
2024-10-20,Kindle Paperwhite User's Guide,Nonfiction,£34.00,In,Three
2024-10-20,H is for Hawk,Nonfiction,£57.42,In,Five
2024-10-20,Travels with Charley: In Search of America,Nonfiction,£57.82,In,Five
2024-10-20,The Tumor,Nonfiction,£41.56,In,Five
2024-10-20,The End of the Jesus Era (An Investigation #1),Nonfiction,£14.40,In,One
2024-10-20,"Eat, Pray, Love",Nonfiction,£51.32,In,Three
2024-10-20,Dark Places,Default,£23.90,In,Five
2024-10-20,Breaking Dawn (Twilight #4),Default,£35.28,In,Five
2024-10-20,Beautiful Creatures (Caster Chronicles #1),Default,£21.55,In,Five
2024-10-20,A Visit from the Goon Squad,Default,£14.08,In,Five
2024-10-20,The Zombie Room,Default,£19.69,In,Five
2024-10-20,The Name of the Wind (The Kingkiller Chronicle #1),Default,£50.59,In,Three
2024-10-20,Taking Shots (Assassins #1),Default,£18.88,In,Two
2024-10-20,Shatter Me (Shatter Me #1),Default,£42.40,In,One
2024-10-20,Paradise Lost (Paradise #1),Default,£24.96,In,One
2024-10-20,On the Road (Duluoz Legend),Default,£32.36,In,Three
2024-10-20,Jane Eyre,Default,£38.43,In,Five
2024-10-20,Frankenstein,Default,£38.00,In,Two
2024-10-20,The Requiem Red,Young Adult,£22.65,In,One
2024-10-20,Set Me Free,Young Adult,£17.46,In,Five
2024-10-20,The Natural History of Us (The Fine Art of Pretending #2),Young Adult,£45.22,In,Three
2024-10-20,Obsidian (Lux #1),Young Adult,£14.86,In,Two
2024-10-20,Burning,Young Adult,£28.81,In,Three
2024-10-20,A Fierce and Subtle Poison,Young Adult,£28.13,In,Four
2024-10-20,Scarlett Epstein Hates It Here,Young Adult,£43.55,In,Five
2024-10-20,"Nightingale, Sing",Young Adult,£38.28,In,One
2024-10-20,Library of Souls (Miss Peregrine’s Peculiar Children #3),Young Adult,£48.56,In,Five
2024-10-20,Frostbite (Vampire Academy #2),Young Adult,£29.99,In,Five
2024-10-20,Wild Swans,Young Adult,£14.36,In,Two
2024-10-20,Until Friday Night (The Field Party #1),Young Adult,£46.31,In,Two
2024-10-20,This Is Where It Ends,Young Adult,£27.12,In,Two
2024-10-20,The Darkest Lie,Young Adult,£35.35,In,Five
2024-10-20,My Kind of Crazy,Young Adult,£40.36,In,One
2024-10-20,Don't Get Caught,Young Adult,£55.35,In,One
2024-10-20,Catching Jordan (Hundred Oaks),Young Adult,£50.83,In,Three
2024-10-20,Aristotle and Dante Discover the Secrets of the Universe (Aristotle and Dante Discover the Secrets of the Universe #1),Young Adult,£58.14,In,Four
2024-10-20,The Epidemic (The Program 0.6),Young Adult,£14.44,In,Five
2024-10-20,Stars Above (The Lunar Chronicles #4.5),Young Adult,£48.05,In,Two
2024-10-20,No Love Allowed (Dodge Cove #1),Young Adult,£54.65,In,Four
2024-10-20,"Exit, Pursued by a Bear",Young Adult,£51.34,In,Four
2024-10-20,The Alien Club,Young Adult,£54.40,In,One
2024-10-20,Don't Forget Steven,Young Adult,£33.23,In,One
2024-10-20,South of Sunshine,Young Adult,£28.93,In,One
2024-10-20,My Life Next Door (My Life Next Door ),Young Adult,£36.39,In,Five
2024-10-20,Future Shock (Future Shock #1),Young Adult,£55.65,In,Five
2024-10-20,Nightstruck: A Novel,Young Adult,£50.35,In,Four
2024-10-20,Tell the Wolves I'm Home,Young Adult,£50.96,In,Two
2024-10-20,"Will Grayson, Will Grayson (Will Grayson, Will Grayson)",Young Adult,£47.31,In,Four
2024-10-20,Where She Went (If I Stay #2),Young Adult,£41.73,In,Four
2024-10-20,Two Summers,Young Adult,£14.64,In,One
2024-10-20,The Darkest Corners,Young Adult,£11.33,In,Five
2024-10-20,Tell Me Three Things,Young Adult,£41.81,In,One
2024-10-20,Lola and the Boy Next Door (Anna and the French Kiss #2),Young Adult,£23.63,In,Four
2024-10-20,Kill the Boy Band,Young Adult,£15.52,In,Five
2024-10-20,Isla and the Happily Ever After (Anna and the French Kiss #3),Young Adult,£48.13,In,Five
2024-10-20,An Abundance of Katherines,Young Adult,£10.00,In,Five
2024-10-20,Harry Potter and the Prisoner of Azkaban (Harry Potter #3),Young Adult,£24.17,In,Four
2024-10-20,Walk the Edge (Thunder Road #2),Young Adult,£32.36,In,Three
2024-10-20,Two Boys Kissing,Young Adult,£32.74,In,Two
2024-10-20,The New Guy (and Other Senior Year Distractions),Young Adult,£44.92,In,Three
2024-10-20,"The Land of 10,000 Madonnas",Young Adult,£29.64,In,Four
2024-10-20,Scarlet (The Lunar Chronicles #2),Young Adult,£14.57,In,Four
2024-10-20,Legend (Legend #1),Young Adult,£43.69,In,Four
2024-10-20,Lady Renegades (Rebel Belle #3),Young Adult,£53.04,In,Five
2024-10-20,Golden (Heart of Dread #3),Young Adult,£42.21,In,Four
2024-10-20,Cinder (The Lunar Chronicles #1),Young Adult,£26.09,In,One
2024-10-20,Boy Meets Boy,Young Adult,£21.12,In,Three
2024-10-20,Annie on My Mind,Young Adult,£36.83,In,Five
2024-10-20,New Moon (Twilight #2),Young Adult,£12.86,In,Four
2024-10-20,Girl Online On Tour (Girl Online #2),Young Adult,£53.47,In,One
2024-10-20,The Haters,Young Adult,£27.89,In,Five
2024-10-20,The Art of Not Breathing,Young Adult,£40.83,In,Four
